A A-0-1-6,Aeronautics & Astronautics
A A-0-1-6,Aeronautics & Astronautics
ACCTG-01-1-2,Business Administration
ACCTG-01-1-2,Business Administration
ACCTG-11-1-2,Business Administration
ACCTG-11-1-2,Business Administration
ACMS-0-1-5,Applied & Computational Math Sciences
ACMS-10-1-5,Applied & Computational Math Sciences
ACMS-20-1-5,Applied & Computational Math Sciences
ACMS-30-1-5,Applied & Computational Math Sciences
ACMS-50-1-5,Applied & Computational Math Sciences
ACMS-70-1-5,Applied & Computational Math Sciences
ACMS-80-1-5,Applied & Computational Math Sciences
AES-0-1-1,American Ethnic Studies
AES-0-1-1,American Ethnic Studies
AFS-0-1-5,Aquatic & Fishery Sciences
AFS-0-1-5,Aquatic & Fishery Sciences
AIS-0-1-1,American Indian Studies
AIS-0-1-1,American Indian Studies
AMATH-0-1-5,Applied Math
ARCH-0-1-1,Architecture
ARCH-0-1-1,Architecture
ART H-0-1-1,Art History
ART H-0-1-1,Art History
ART-2-1-1,Art
ART-2-1-1,Art
ASIALC-0-1-1,Asian Languages & Literature
ASTR-0-1-5,Astronomy
ASTR-0-1-5,Astronomy
ATM S-1-1-5,Atmospheric Sciences
ATM S-1-1-5,Atmospheric Sciences
ATM S-2-1-5,Atmospheric Sciences
ATM S-2-1-5,Atmospheric Sciences
ATM S-20-1-5,Atmospheric Sciences
ATM S-20-1-5,Atmospheric Sciences
ATM S-3-1-5,Atmospheric Sciences
ATM S-3-1-5,Atmospheric Sciences
B A-0-1-2,Business Administration
B A-0-1-2,Business Administration
B BIO-0-1-5,Biology
B BIO-0-1-5,Biology
B BUS-0-1-2,Business Administration
B BUS-0-1-2,Business Administration
B BUS-10-1-2,Business Administration
B BUS-10-1-2,Business Administration
B BUS-20-1-2,Business Administration
B BUS-20-1-2,Business Administration
B BUS-25-1-2,Business Administration
B BUS-25-1-2,Business Administration
B BUS-30-1-2,Business Administration
B BUS-30-1-2,Business Administration
B BUS-35-1-2,Business Administration
B BUS-35-1-2,Business Administration
B BUS-40-1-2,Business Administration
B BUS-40-1-2,Business Administration
B BUS-45-1-2,Business Administration
B BUS-45-1-2,Business Administration
B BUS-5-1-2,Business Administration
B BUS-5-1-2,Business Administration
B CHEM-0-1-1,Chemistry
B CHEM-0-1-1,Chemistry
B CHEM-0-1-5,Chemistry
B CHEM-0-1-5,Chemistry
B CHEM-10-1-5,Chemistry
B CHEM-10-1-5,Chemistry
B ENST-0-1-1,Environmental Studies
B ENST-0-1-1,Environmental Studies
B GWSS-0-1-1,"Gender, Women & Sexuality Studies"
B MATH-0-1-5,Mathematics
B MATH-0-1-5,Mathematics
B ME-0-1-6,Mechanical Engineering
B ME-0-1-6,Mechanical Engineering
B NURS-0-1-6,Nursing
B NURS-0-1-6,Nursing
B PHYS-0-1-1,Physics
B PHYS-0-1-1,Physics
B PHYS-0-1-5,Physics
B PHYS-0-1-5,Physics
B PSY-0-1-1,Psychology
B PSY-0-1-1,Psychology
BFYBSN-0-1-6,Nursing
BFYBSN-0-1-6,Nursing
BIOCHM-0-1-1,Biochemistry
BIOCHM-0-1-1,Biochemistry
BIOCHM-0-1-5,Biochemistry
BIOCHM-0-1-5,Biochemistry
BIOEN-0-1-6,Bioengineering
BIOEN-0-1-6,Bioengineering
BIOEN-60-1-6,Bioengineering
BIOEN-60-1-6,Bioengineering
BIOEN-80-1-6,Bioengineering
BIOEN-80-1-6,Bioengineering
BIOL-15-1-5,Biology
BIOL-15-1-5,Biology
BIOL-30-1-5,Biology
BIOL-30-1-5,Biology
BIOL-35-1-5,Biology
BIOL-35-1-5,Biology
BIOL-40-1-5,Biology
BIOL-40-1-5,Biology
BIOL-45-1-5,Biology
BIOL-45-1-5,Biology
BIOL-5-1-1,Biology
BIOL-5-1-1,Biology
BSE-0-1-5,Bioresource Science & Engineering
BSE-0-1-5,Bioresource Science & Engineering
BSE-10-1-5,Bioresource Science & Engineering
BSE-10-1-5,Bioresource Science & Engineering
C SCI-0-1-5,Computer Science & Engineering
C SCI-10-1-5,Computer Science & Engineering
CEP-0-1-1,"Community, Environment & Planning"
CFRM-1-1-5,Computational Finance & Risk Management
CFRM-1-1-5,Computational Finance & Risk Management
CHEM E-0-1-6,Chemical Engineering
CHEM E-0-1-6,Chemical Engineering
CHEM E-5-1-6,Chemical Engineering
CHEM E-5-1-6,Chemical Engineering
CHEM-0-1-1,Chemistry
CHEM-0-1-1,Chemistry
CHEM-0-1-5,Chemistry
CHEM-0-1-5,Chemistry
CHEM-10-1-5,Chemistry
CHEM-10-1-5,Chemistry
CHID-0-1-1,Comparative History of Ideas
CHID-0-1-1,Comparative History of Ideas
CIV E-0-1-6,Civil & Environmental Engineering
CLAS-0-1-1,Classics
CLAS-0-1-1,Classics
CM-0-1-6,Construction Management
CM-0-1-6,Construction Management
CM-50-1-6,Construction Management
CM-50-1-6,Construction Management
CMP E-0-1-6,Computer Science & Engineering
CMS-0-1-1,Cinema & Media Studies
CMS-0-1-1,Cinema & Media Studies
COM-0-1-1,Communication
COM-0-1-1,Communication
COM-30-1-1,Communication
COM-30-1-1,Communication
DANCE-0-1-1,Dance
DANCE-0-1-1,Dance
DESIGN-25-1-7,Design
DESIGN-25-1-7,Design
DESIGN-32-1-7,Design
DESIGN-32-1-7,Design
DESIGN-5-1-7,Design
DESIGN-5-1-7,Design
DRAMA-0-1-1,Drama
DRAMA-0-1-1,Drama
DRAMA-60-1-1,Drama
DRAMA-60-1-1,Drama
DRAMA-70-1-1,Drama
DRAMA-70-1-1,Drama
ECE-0-1-1,Early Care & Education
ECE-0-1-1,Early Care & Education
ECENG-0-1-6,Electrical & Computer Engineering
ECENG-0-1-6,Electrical & Computer Engineering
ECFS-0-1-1,Early Childhood & Family Studies
ECFS-0-1-1,Early Childhood & Family Studies
ECFS-10-1-1,Early Childhood & Family Studies
ECFS-10-1-1,Early Childhood & Family Studies
ECO-0-1-1,"Education, Communities & Organizations"
ECON-0-1-1,Economics
ECON-0-1-1,Economics
ECON-0-1-5,Economics
ECON-0-1-5,Economics
ENGL-0-1-1,English
ENGL-0-1-1,English
ENGL-20-1-1,English
ENGL-20-1-1,English
ENTRE-01-1-2,Entrepreneurship
ENTRE-01-1-2,Business Administration
ENTRE-01-1-2,Business Administration
ENV E-0-1-6,Civil & Environmental Engineering
ENV H-0-1-5,Environmental Health
ENV H-0-1-5,Environmental Health
ENVIR-0-1-1,Environmental Studies
ENVIR-0-1-1,Environmental Studies
ESRM-0-1-5,Environmental Science & Terrestrial Resource Management
ESRM-0-1-5,Environmental Science & Terrestrial Resource Management
ESRM-10-1-5,Environmental Science & Terrestrial Resource Management
ESRM-10-1-5,Environmental Science & Terrestrial Resource Management
ESRM-20-1-5,Environmental Science & Terrestrial Resource Management
ESRM-20-1-5,Environmental Science & Terrestrial Resource Management
ESRM-30-1-5,Environmental Science & Terrestrial Resource Management
ESRM-30-1-5,Environmental Science & Terrestrial Resource Management
ESRM-40-1-5,Environmental Science & Terrestrial Resource Management
ESRM-40-1-5,Environmental Science & Terrestrial Resource Management
ESS-0-1-1,Earth & Space Sciences
ESS-0-1-1,Earth & Space Sciences
ESS-10-1-5,Earth & Space Sciences
ESS-10-1-5,Earth & Space Sciences
ESS-20-1-5,Earth & Space Sciences
ESS-20-1-5,Earth & Space Sciences
ESS-30-1-5,Earth & Space Sciences
ESS-30-1-5,Earth & Space Sciences
ESS-50-1-5,Earth & Space Sciences
ESS-50-1-5,Earth & Space Sciences
EURO-0-1-1,International Studies
FINANC-01-1-2,Finance
FINANC-01-1-2,Business Administration
FINANC-01-1-2,Business Administration
FRENCH-0-1-1,French & Italian Studies
FSNH-0-1-1,"Food Systems, Nutrition & Health"
GEOG-0-1-1,Geography
GEOG-0-1-1,Geography
GEOG-10-1-1,Geography
GEOG-10-1-1,Geography
GERMAN-01-1-1,Germanics
GWSS-0-1-1,"Gender, Women & Sexuality Studies"
HCDE-0-1-6,Human Centered Design & Engineering
HCDE-0-1-6,Human Centered Design & Engineering
HCDE-15-1-6,Human Centered Design & Engineering
HCDE-15-1-6,Human Centered Design & Engineering
HCDE-5-1-6,Human Centered Design & Engineering
HCDE-5-1-6,Human Centered Design & Engineering
HIHIME-0-1-6,Health Informatics & Health Information Management
HIHIME-0-1-6,Health Informatics & Health Information Management
HIST-0-1-1,History
HIST-0-1-1,History
HIST-30-1-1,History
HIST-30-1-1,History
HIST-40-1-1,History
HIST-40-1-1,History
HIST-50-1-1,History
HIST-50-1-1,History
HIST-60-1-1,History
HIST-60-1-1,History
HRMGT-01-1-2,Human Resources Management
HRMGT-01-1-2,Business Administration
HRMGT-01-1-2,Business Administration
I S-01-1-2,Business Administration
I S-01-1-2,Business Administration
I+S-01-1-2,Information Systems
IND+E-0-1-6,Industrial & Systems Engineering
INFO-0-1-6,Informatics
INFO-0-1-6,Informatics
INFO-10-1-6,Informatics
INFO-10-1-6,Informatics
INFO-20-1-6,Informatics
INFO-20-1-6,Informatics
INFO-30-1-6,Informatics
INFO-30-1-6,Informatics
INFO-40-1-6,Informatics
INFO-40-1-6,Informatics
INFO-50-1-6,Informatics
INFO-50-1-6,Informatics
ISS O-0-1-1,Integrated Social Sciences
ISS O-0-1-1,Integrated Social Sciences
ITAL-0-1-1,French & Italian Studies
L ARCH-0-1-7,Landscape Architecture
L ARCH-0-1-7,Landscape Architecture
LING-0-1-1,Linguistics
LING-0-1-1,Linguistics
LSJ-0-1-1,"Law, Societies & Justice"
M E-0-1-6,Mechanical Engineering
M E-0-1-6,Mechanical Engineering
M E-5-1-6,Mechanical Engineering
M E-5-1-6,Mechanical Engineering
M E-60-1-6,Mechanical Engineering
M E-60-1-6,Mechanical Engineering
M E-95-1-6,Mechanical Engineering
M E-95-1-6,Mechanical Engineering
MARBIO-0-1-5,Marine Biology
MARBIO-0-1-5,Marine Biology
MATH-0-1-1,Mathematics
MATH-0-1-1,Mathematics
MATH-0-1-5,Mathematics
MATH-0-1-5,Mathematics
MATH-10-1-1,Mathematics
MATH-10-1-1,Mathematics
MATH-70-1-1,Mathematics
MATH-70-1-1,Mathematics
MEDXD-0-1-7,MEDEX
MICRO-0-1-5,Microbiology
MICRO-0-1-5,Microbiology
MKTG-01-1-2,Marketing
MKTG-01-1-2,Business Administration
MKTG-01-1-2,Business Administration
MLS-0-1-6,Medical Laboratory Science
MLS-0-1-6,Medical Laboratory Science
MS E-0-1-6,Materials Science & Engineering
MS E-0-1-6,Materials Science & Engineering
MS E-70-1-6,Materials Science & Engineering
MS E-70-1-6,Materials Science & Engineering
MUSIC-0-1-1,Music
MUSIC-0-1-1,Music
MUSIC-10-1-1,Music
MUSIC-10-1-1,Music
MUSIC-30-1-7,Music
MUSIC-30-1-7,Music
MUSIC-40-1-7,Music
MUSIC-40-1-7,Music
MUSIC-58-1-1,Music
MUSIC-58-1-1,Music
MUSIC-60-1-1,Music
MUSIC-60-1-1,Music
MUSIC-62-1-1,Music
MUSIC-62-1-1,Music
MUSIC-64-1-1,Music
MUSIC-64-1-1,Music
MUSIC-66-1-7,Music
MUSIC-66-1-7,Music
MUSIC-67-1-7,Music
MUSIC-67-1-7,Music
MUSIC-68-1-1,Music
MUSIC-68-1-1,Music
NBIO-0-1-5,Neuroscience
NBIO-0-1-5,Neuroscience
NEAR E-20-1-1,Near Eastern Languages & Civilization
NEAR E-30-1-1,Near Eastern Languages & Civilization
NEAR E-50-1-1,Near Eastern Languages & Civilization
NURS-0-1-6,Nursing
NURS-0-1-6,Nursing
NURSX-0-1-6,Nursing
NURSX-0-1-6,Nursing
OCEAN-0-1-1,Oceanography
OCEAN-0-1-1,Oceanography
OCEAN-0-1-5,Oceanography
OCEAN-0-1-5,Oceanography
OSCM-01-1-2,Operations & Supply Chain Management
OSCM-01-1-2,Business Administration
OSCM-01-1-2,Business Administration
PH-0-1-1,Public Health - Global Health
PH-0-1-5,Public Health - Global Health
PH-10-1-5,Public Health - Global Health
PH-20-1-1,Public Health - Global Health
PH-30-1-1,Public Health - Global Health
PH-30-1-5,Public Health - Global Health
PHIL-0-1-1,Philosophy
PHIL-0-1-1,Philosophy
PHIL-20-1-1,Philosophy
PHIL-20-1-1,Philosophy
PHYS-1-1-5,Physics
PHYS-1-1-5,Physics
PHYS-2-1-5,Physics
PHYS-2-1-5,Physics
PHYS-3-1-5,Physics
PHYS-3-1-5,Physics
PHYS-4-1-5,Physics
PHYS-4-1-5,Physics
POL S-0-1-1,Political Science
POL S-0-1-1,Political Science
POL S-70-1-1,Political Science
POL S-70-1-1,Political Science
POL S-80-1-1,Political Science
POL S-80-1-1,Political Science
PSYCH-0-1-1,Psychology
PSYCH-0-1-1,Psychology
PSYCH-0-1-5,Psychology
PSYCH-0-1-5,Psychology
R E-0-1-5,Real Estate
R E-0-1-5,Real Estate
RUSS-0-1-1,Slavic Languages & Literatures
SCAN+A-0-1-1,Scandinavian Studies
SISA-0-1-1,International Studies
SISCA-0-1-1,International Studies
SISJE-0-1-1,International Studies
SISLA-0-1-1,International Studies
SOC WF-0-1-1,Social Welfare
SOC WF-0-1-1,Social Welfare
SOC-0-1-1,Sociology
SOC-0-1-1,Sociology
SPAN-0-1-1,Spanish & Portuguese Studies
SPHSC-0-1-5,Speech & Hearing Sciences
SPHSC-0-1-5,Speech & Hearing Sciences
SPHSCX-0-1-5,Speech & Hearing Sciences
SPHSCX-0-1-5,Speech & Hearing Sciences
STAT-0-1-5,Statistics
STAT-0-1-5,Statistics
STAT-15-1-5,Statistics
STAT-15-1-5,Statistics
T ACCT-0-1-2,Business Administration
T ACCT-0-1-2,Business Administration
T BUS-0-1-2,Business Administration
T BUS-0-1-2,Business Administration
T FIN-0-1-2,Business Administration
T FIN-0-1-2,Business Administration
T HIST-0-1-1,History
T HIST-0-1-1,History
T HIST-40-1-1,History
T HIST-40-1-1,History
T HIST-50-1-1,History
T HIST-50-1-1,History
T HIST-60-1-1,History
T HIST-60-1-1,History
T HIST-70-1-1,History
T HIST-70-1-1,History
T ME-0-1-6,Mechanical Engineering
T ME-0-1-6,Mechanical Engineering
T MGMT-0-1-2,Business Administration
T MGMT-0-1-2,Business Administration
T MKTG-0-1-2,Business Administration
T MKTG-0-1-2,Business Administration
T NURS-0-1-6,Nursing
T NURS-0-1-6,Nursing
TMATH-0-1-5,Mathematics
TMATH-0-1-5,Mathematics
TPSYCH-0-1-1,Psychology
TPSYCH-0-1-1,Psychology
TSOCWF-0-1-1,Social Welfare
TSOCWF-0-1-1,Social Welfare
